{
  "constitutions": [
    "balanced-justice",
    "community-order",
    "harm-minimization",
    "no-constitution",
    "self-sovereignty",
    "utilitarian"
  ],
  "models": [
    "claude-sonnet-4-5",
    "deepseek-chat",
    "gemini-2-5-pro",
    "gpt-4o",
    "grok-3"
  ],
  "cell_means": {
    "balanced-justice": {
      "claude-sonnet-4-5": 93.26666666666667,
      "deepseek-chat": 91.08333333333333,
      "gemini-2-5-pro": 92.2,
      "gpt-4o": 87.53333333333335,
      "grok-3": 90.83333333333333
    },
    "community-order": {
      "claude-sonnet-4-5": 93.81666666666666,
      "deepseek-chat": 91.01666666666667,
      "gemini-2-5-pro": 90.58333333333333,
      "gpt-4o": 87.75,
      "grok-3": 90.56666666666666
    },
    "harm-minimization": {
      "claude-sonnet-4-5": 94.25,
      "deepseek-chat": 92.33333333333333,
      "gemini-2-5-pro": 92.16666666666667,
      "gpt-4o": 88.78333333333335,
      "grok-3": 92.36666666666667
    },
    "no-constitution": {
      "claude-sonnet-4-5": 92.89999999999999,
      "deepseek-chat": 91.26666666666667,
      "gemini-2-5-pro": 92.63333333333333,
      "gpt-4o": 87.68333333333334,
      "grok-3": 91.06666666666666
    },
    "self-sovereignty": {
      "claude-sonnet-4-5": 92.33333333333333,
      "deepseek-chat": 88.83333333333333,
      "gemini-2-5-pro": 89.06666666666666,
      "gpt-4o": 87.06666666666666,
      "grok-3": 90.46666666666665
    },
    "utilitarian": {
      "claude-sonnet-4-5": 93.03333333333335,
      "deepseek-chat": 91.58333333333333,
      "gemini-2-5-pro": 92.33333333333333,
      "gpt-4o": 88.88333333333333,
      "grok-3": 91.06666666666666
    }
  },
  "generated": "2025-11-03T10:10:06.244416"
}