{
  "experiment_dir": "results/experiments/exp_20251026_193228",
  "evaluators": [
    "claude-sonnet-4-5",
    "deepseek-chat",
    "gpt-4o",
    "gemini-2-5-pro",
    "grok-3"
  ],
  "common_trial_count": 119,
  "dimensions": {
    "overall_score": {
      "pairwise_correlations": {
        "claude-sonnet-4-5 vs deepseek-chat": {
          "r": 0.8025573932130734,
          "p_value": null,
          "n": 118
        },
        "claude-sonnet-4-5 vs gpt-4o": {
          "r": 0.7202864648215991,
          "p_value": null,
          "n": 119
        },
        "claude-sonnet-4-5 vs gemini-2-5-pro": {
          "r": 0.434075322473286,
          "p_value": null,
          "n": 119
        },
        "claude-sonnet-4-5 vs grok-3": {
          "r": 0.7596899909709378,
          "p_value": null,
          "n": 119
        },
        "deepseek-chat vs gpt-4o": {
          "r": 0.6047613037689021,
          "p_value": null,
          "n": 118
        },
        "deepseek-chat vs gemini-2-5-pro": {
          "r": 0.46390933494870434,
          "p_value": null,
          "n": 118
        },
        "deepseek-chat vs grok-3": {
          "r": 0.7932604951856043,
          "p_value": null,
          "n": 118
        },
        "gpt-4o vs gemini-2-5-pro": {
          "r": 0.4249570207314785,
          "p_value": null,
          "n": 119
        },
        "gpt-4o vs grok-3": {
          "r": 0.7230672641349648,
          "p_value": null,
          "n": 119
        },
        "gemini-2-5-pro vs grok-3": {
          "r": 0.589169776027968,
          "p_value": null,
          "n": 119
        }
      },
      "mean_absolute_error": {
        "claude-sonnet-4-5 vs deepseek-chat": {
          "mae": 4.864406779661017,
          "stdev": 5.242683553454571,
          "n": 118
        },
        "claude-sonnet-4-5 vs gpt-4o": {
          "mae": 8.260504201680673,
          "stdev": 9.038957290316656,
          "n": 119
        },
        "claude-sonnet-4-5 vs gemini-2-5-pro": {
          "mae": 13.974789915966387,
          "stdev": 10.139252625880415,
          "n": 119
        },
        "claude-sonnet-4-5 vs grok-3": {
          "mae": 8.596638655462185,
          "stdev": 9.065972259630591,
          "n": 119
        },
        "deepseek-chat vs gpt-4o": {
          "mae": 7.406779661016949,
          "stdev": 5.84593845147092,
          "n": 118
        },
        "deepseek-chat vs gemini-2-5-pro": {
          "mae": 13.364406779661017,
          "stdev": 6.7856878723893645,
          "n": 118
        },
        "deepseek-chat vs grok-3": {
          "mae": 7.898305084745763,
          "stdev": 5.109718962128909,
          "n": 118
        },
        "gpt-4o vs gemini-2-5-pro": {
          "mae": 7.512605042016807,
          "stdev": 3.5002797617451717,
          "n": 119
        },
        "gpt-4o vs grok-3": {
          "mae": 1.7478991596638656,
          "stdev": 1.9143458740097807,
          "n": 119
        },
        "gemini-2-5-pro vs grok-3": {
          "mae": 6.689075630252101,
          "stdev": 3.074630745804307,
          "n": 119
        }
      },
      "systematic_bias": {
        "claude-sonnet-4-5": {
          "mean_score": 82.63,
          "mean_others": 90.31,
          "difference": -7.68,
          "bias_direction": "lower",
          "n_trials": 119
        },
        "deepseek-chat": {
          "mean_score": 83.21,
          "mean_others": 90.14,
          "difference": -6.93,
          "bias_direction": "lower",
          "n_trials": 118
        },
        "gpt-4o": {
          "mean_score": 90.45,
          "mean_others": 88.35,
          "difference": 2.1,
          "bias_direction": "higher",
          "n_trials": 119
        },
        "gemini-2-5-pro": {
          "mean_score": 96.37,
          "mean_others": 86.87,
          "difference": 9.5,
          "bias_direction": "higher",
          "n_trials": 119
        },
        "grok-3": {
          "mean_score": 91.13,
          "mean_others": 88.18,
          "difference": 2.95,
          "bias_direction": "higher",
          "n_trials": 119
        }
      }
    },
    "factual_adherence": {
      "pairwise_correlations": {
        "claude-sonnet-4-5 vs deepseek-chat": {
          "r": 0.7683429548924188,
          "p_value": null,
          "n": 118
        },
        "claude-sonnet-4-5 vs gpt-4o": {
          "r": 0.5527873676307985,
          "p_value": null,
          "n": 119
        },
        "claude-sonnet-4-5 vs gemini-2-5-pro": {
          "r": 0.46070106825528934,
          "p_value": null,
          "n": 119
        },
        "claude-sonnet-4-5 vs grok-3": {
          "r": 0.7552277914521037,
          "p_value": null,
          "n": 119
        },
        "deepseek-chat vs gpt-4o": {
          "r": 0.5580746875871379,
          "p_value": null,
          "n": 118
        },
        "deepseek-chat vs gemini-2-5-pro": {
          "r": 0.4886474129902877,
          "p_value": null,
          "n": 118
        },
        "deepseek-chat vs grok-3": {
          "r": 0.8090758163946706,
          "p_value": null,
          "n": 118
        },
        "gpt-4o vs gemini-2-5-pro": {
          "r": 0.40146635516576845,
          "p_value": null,
          "n": 119
        },
        "gpt-4o vs grok-3": {
          "r": 0.638403416877143,
          "p_value": null,
          "n": 119
        },
        "gemini-2-5-pro vs grok-3": {
          "r": 0.6050404165545685,
          "p_value": null,
          "n": 119
        }
      },
      "mean_absolute_error": {
        "claude-sonnet-4-5 vs deepseek-chat": {
          "mae": 6.338983050847458,
          "stdev": 6.204795965547074,
          "n": 118
        },
        "claude-sonnet-4-5 vs gpt-4o": {
          "mae": 11.663865546218487,
          "stdev": 11.657744433204245,
          "n": 119
        },
        "claude-sonnet-4-5 vs gemini-2-5-pro": {
          "mae": 13.714285714285714,
          "stdev": 11.332526202090396,
          "n": 119
        },
        "claude-sonnet-4-5 vs grok-3": {
          "mae": 11.714285714285714,
          "stdev": 11.00473153796858,
          "n": 119
        },
        "deepseek-chat vs gpt-4o": {
          "mae": 11.35593220338983,
          "stdev": 8.363050013830234,
          "n": 118
        },
        "deepseek-chat vs gemini-2-5-pro": {
          "mae": 13.389830508474576,
          "stdev": 8.399261158293337,
          "n": 118
        },
        "deepseek-chat vs grok-3": {
          "mae": 11.559322033898304,
          "stdev": 7.071723363601353,
          "n": 118
        },
        "gpt-4o vs gemini-2-5-pro": {
          "mae": 4.907563025210084,
          "stdev": 6.964792326151433,
          "n": 119
        },
        "gpt-4o vs grok-3": {
          "mae": 1.781512605042017,
          "stdev": 3.2939586813333426,
          "n": 119
        },
        "gemini-2-5-pro vs grok-3": {
          "mae": 4.352941176470588,
          "stdev": 6.082188827814246,
          "n": 119
        }
      },
      "systematic_bias": {
        "claude-sonnet-4-5": {
          "mean_score": 81.3,
          "mean_others": 90.3,
          "difference": -8.99,
          "bias_direction": "lower",
          "n_trials": 119
        },
        "deepseek-chat": {
          "mean_score": 81.44,
          "mean_others": 90.24,
          "difference": -8.8,
          "bias_direction": "lower",
          "n_trials": 118
        },
        "gpt-4o": {
          "mean_score": 92.73,
          "mean_others": 87.44,
          "difference": 5.29,
          "bias_direction": "higher",
          "n_trials": 119
        },
        "gemini-2-5-pro": {
          "mean_score": 93.91,
          "mean_others": 87.14,
          "difference": 6.77,
          "bias_direction": "higher",
          "n_trials": 119
        },
        "grok-3": {
          "mean_score": 93.02,
          "mean_others": 87.36,
          "difference": 5.66,
          "bias_direction": "higher",
          "n_trials": 119
        }
      }
    },