{
  "experiment_dir": "results/experiments/exp_20251026_170656",
  "evaluators": [
    "claude-sonnet-4-5",
    "gemini-2-5-flash",
    "gpt-4o",
    "claude-3-5-haiku-20241022",
    "gemini-2-5-pro"
  ],
  "common_trial_count": 24,
  "dimensions": {
    "overall_score": {
      "pairwise_correlations": {
        "claude-sonnet-4-5 vs gemini-2-5-flash": {
          "r": 0.16586595491728381,
          "p_value": null,
          "n": 24
        },
        "claude-sonnet-4-5 vs gpt-4o": {
          "r": 0.06258874949302058,
          "p_value": null,
          "n": 24
        },
        "claude-sonnet-4-5 vs claude-3-5-haiku-20241022": {
          "r": 0.14459508820029535,
          "p_value": null,
          "n": 24
        },
        "claude-sonnet-4-5 vs gemini-2-5-pro": {
          "r": 0.09211950737142019,
          "p_value": null,
          "n": 24
        },
        "gemini-2-5-flash vs gpt-4o": {
          "r": -0.37734536616771747,
          "p_value": null,
          "n": 24
        },
        "gemini-2-5-flash vs claude-3-5-haiku-20241022": {
          "r": 0.1344818311629832,
          "p_value": null,
          "n": 24
        },
        "gemini-2-5-flash vs gemini-2-5-pro": {
          "r": 0.6260974475884162,
          "p_value": null,
          "n": 24
        },
        "gpt-4o vs claude-3-5-haiku-20241022": {
          "r": 0.043979949713354255,
          "p_value": null,
          "n": 24
        },
        "gpt-4o vs gemini-2-5-pro": {
          "r": -0.32760689258880166,
          "p_value": null,
          "n": 24
        },
        "claude-3-5-haiku-20241022 vs gemini-2-5-pro": {
          "r": 0.04232389556904849,
          "p_value": null,
          "n": 24
        }
      },
      "mean_absolute_error": {
        "claude-sonnet-4-5 vs gemini-2-5-flash": {
          "mae": 7.375,
          "stdev": 4.642080680414577,
          "n": 24
        },
        "claude-sonnet-4-5 vs gpt-4o": {
          "mae": 4.541666666666667,
          "stdev": 4.745516572116452,
          "n": 24
        },
        "claude-sonnet-4-5 vs claude-3-5-haiku-20241022": {
          "mae": 3.9583333333333335,
          "stdev": 4.885463501366928,
          "n": 24
        },
        "claude-sonnet-4-5 vs gemini-2-5-pro": {
          "mae": 10.791666666666666,
          "stdev": 4.671645894363018,
          "n": 24
        },
        "gemini-2-5-flash vs gpt-4o": {
          "mae": 3.5833333333333335,
          "stdev": 1.9541854005467714,
          "n": 24
        },
        "gemini-2-5-flash vs claude-3-5-haiku-20241022": {
          "mae": 3.75,
          "stdev": 1.9615876444748834,
          "n": 24
        },
        "gemini-2-5-flash vs gemini-2-5-pro": {
          "mae": 3.5833333333333335,
          "stdev": 2.320357293826641,
          "n": 24
        },
        "gpt-4o vs claude-3-5-haiku-20241022": {
          "mae": 0.5833333333333334,
          "stdev": 1.176459931750543,
          "n": 24
        },
        "gpt-4o vs gemini-2-5-pro": {
          "mae": 6.666666666666667,
          "stdev": 1.2394482175782782,
          "n": 24
        },
        "claude-3-5-haiku-20241022 vs gemini-2-5-pro": {
          "mae": 7,
          "stdev": 1.4744195615489712,
          "n": 24
        }
      },
      "systematic_bias": {
        "claude-sonnet-4-5": {
          "mean_score": 87.88,
          "mean_others": 94.21,
          "difference": -6.33,
          "bias_direction": "lower",
          "n_trials": 24
        },
        "gemini-2-5-flash": {
          "mean_score": 94.75,
          "mean_others": 92.49,
          "difference": 2.26,
          "bias_direction": "higher",
          "n_trials": 24
        },
        "gpt-4o": {
          "mean_score": 92.08,
          "mean_others": 93.16,
          "difference": -1.07,
          "bias_direction": "lower",
          "n_trials": 24
        },
        "claude-3-5-haiku-20241022": {
          "mean_score": 91.67,
          "mean_others": 93.26,
          "difference": -1.59,
          "bias_direction": "lower",
          "n_trials": 24
        },
        "gemini-2-5-pro": {
          "mean_score": 98.33,
          "mean_others": 91.59,
          "difference": 6.74,
          "bias_direction": "higher",
          "n_trials": 24
        }
      }
    },
    "factual_adherence": {
      "pairwise_correlations": {
        "claude-sonnet-4-5 vs gemini-2-5-flash": {
          "r": 0.03906407138946442,
          "p_value": null,
          "n": 24
        },
        "claude-sonnet-4-5 vs gpt-4o": {
          "r": 0.0,
          "p_value": null,
          "n": 24
        },
        "claude-sonnet-4-5 vs claude-3-5-haiku-20241022": {
          "r": 0.051048531264205985,
          "p_value": null,
          "n": 24
        },
        "claude-sonnet-4-5 vs gemini-2-5-pro": {
          "r": 0.13829423463161436,
          "p_value": null,
          "n": 24
        },
        "gemini-2-5-flash vs gpt-4o": {
          "r": 0.0,
          "p_value": null,
          "n": 24
        },
        "gemini-2-5-flash vs claude-3-5-haiku-20241022": {
          "r": 0.28405693204701876,
          "p_value": null,
          "n": 24
        },
        "gemini-2-5-flash vs gemini-2-5-pro": {
          "r": 0.5482638707503871,
          "p_value": null,
          "n": 24
        },
        "gpt-4o vs claude-3-5-haiku-20241022": {
          "r": 0.0,
          "p_value": null,
          "n": 24
        },
        "gpt-4o vs gemini-2-5-pro": {
          "r": 0.0,
          "p_value": null,
          "n": 24
        },
        "claude-3-5-haiku-20241022 vs gemini-2-5-pro": {
          "r": 0.139358307443937,
          "p_value": null,
          "n": 24
        }
      },
      "mean_absolute_error": {
        "claude-sonnet-4-5 vs gemini-2-5-flash": {
          "mae": 7.625,
          "stdev": 6.51294697206031,
          "n": 24
        },
        "claude-sonnet-4-5 vs gpt-4o": {
          "mae": 8.416666666666666,
          "stdev": 6.606430771319101,
          "n": 24
        },
        "claude-sonnet-4-5 vs claude-3-5-haiku-20241022": {
          "mae": 8.291666666666666,
          "stdev": 6.603550867372115,
          "n": 24
        },
        "claude-sonnet-4-5 vs gemini-2-5-pro": {
          "mae": 11.125,
          "stdev": 5.922047971260706,
          "n": 24
        },
        "gemini-2-5-flash vs gpt-4o": {
          "mae": 3.0416666666666665,
          "stdev": 5.262493760538833,
          "n": 24
        },
        "gemini-2-5-flash vs claude-3-5-haiku-20241022": {
          "mae": 2.9166666666666665,
          "stdev": 5.123828957762524,
          "n": 24
        },
        "gemini-2-5-flash vs gemini-2-5-pro": {
          "mae": 5.166666666666667,
          "stdev": 4.228954713757821,
          "n": 24
        },
        "gpt-4o vs claude-3-5-haiku-20241022": {
          "mae": 0.125,
          "stdev": 0.6123724356957945,
          "n": 24
        },
        "gpt-4o vs gemini-2-5-pro": {
          "mae": 3.2083333333333335,
          "stdev": 2.1260121204339084,
          "n": 24
        },
        "claude-3-5-haiku-20241022 vs gemini-2-5-pro": {
          "mae": 3.3333333333333335,
          "stdev": 2.0144406207413397,
          "n": 24
        }
      },
      "systematic_bias": {
        "claude-sonnet-4-5": {
          "mean_score": 86.58,
          "mean_others": 94.8,
          "difference": -8.22,
          "bias_direction": "lower",
          "n_trials": 24
        },
        "gemini-2-5-flash": {
          "mean_score": 92.21,
          "mean_others": 93.4,
          "difference": -1.19,
          "bias_direction": "lower",
          "n_trials": 24
        },
        "gpt-4o": {
          "mean_score": 95,
          "mean_others": 92.7,
          "difference": 2.3,
          "bias_direction": "higher",
          "n_trials": 24
        },
        "claude-3-5-haiku-20241022": {
          "mean_score": 94.88,
          "mean_others": 92.73,
          "difference": 2.15,
          "bias_direction": "higher",