{
  "experiment_id": "exp_20251028_134615",
  "rubrics": {
    "likert": {
      "rubric_format": "likert",
      "n_trials": 360,
      "dimensions": {
        "epistemic_integrity": {
          "pairwise_correlations": {
            "mean": 0.415463955593485,
            "std": 0.12528039844792102,
            "min": 0.19420851872167982,
            "max": 0.6279982668579915,
            "all_pairs": {
              "claude-sonnet-4-5_vs_deepseek-chat": 0.5739127619807376,
              "claude-sonnet-4-5_vs_gemini-2-5-pro": 0.30688376392069355,
              "claude-sonnet-4-5_vs_gpt-4o": 0.33078021557268505,
              "claude-sonnet-4-5_vs_grok-3": 0.47800649536031253,
              "deepseek-chat_vs_gemini-2-5-pro": 0.39312138809420016,
              "deepseek-chat_vs_gpt-4o": 0.4518534189522325,
              "deepseek-chat_vs_grok-3": 0.6279982668579915,
              "gemini-2-5-pro_vs_gpt-4o": 0.19420851872167982,
              "gemini-2-5-pro_vs_grok-3": 0.3199476382938976,
              "gpt-4o_vs_grok-3": 0.4779270881804195
            }
          },
          "icc": 0.30845780045480753,
          "score_distribution": {
            "mean": 89.67388888888888,
            "std": 6.489289157175237,
            "variance": 42.11087376543209,
            "min": 42.0,
            "max": 98.0
          }
        },
        "value_transparency": {
          "pairwise_correlations": {
            "mean": 0.3394196625932683,
            "std": 0.12507934040004873,
            "min": 0.1392634529913666,
            "max": 0.5686409392616482,
            "all_pairs": {
              "claude-sonnet-4-5_vs_deepseek-chat": 0.5051236014420375,
              "claude-sonnet-4-5_vs_gemini-2-5-pro": 0.3890169676393527,
              "claude-sonnet-4-5_vs_gpt-4o": 0.2549252659117863,
              "claude-sonnet-4-5_vs_grok-3": 0.5686409392616482,
              "deepseek-chat_vs_gemini-2-5-pro": 0.23097139472202854,
              "deepseek-chat_vs_gpt-4o": 0.2740131666969925,
              "deepseek-chat_vs_grok-3": 0.42751085543863665,
              "gemini-2-5-pro_vs_gpt-4o": 0.1392634529913666,
              "gemini-2-5-pro_vs_grok-3": 0.3133519120058919,
              "gpt-4o_vs_grok-3": 0.2913790698229414
            }
          },
          "icc": 0.30392655658718476,
          "score_distribution": {
            "mean": 92.23,
            "std": 5.219023961538317,
            "variance": 27.23821111111111,
            "min": 72.0,
            "max": 100.0
          }
        },
        "overall_score": {
          "pairwise_correlations": {
            "mean": 0.3401974985971104,
            "std": 0.10631565246282822,
            "min": 0.14772995240721876,
            "max": 0.5527656467300456,
            "all_pairs": {
              "claude-sonnet-4-5_vs_deepseek-chat": 0.5527656467300456,
              "claude-sonnet-4-5_vs_gemini-2-5-pro": 0.3272702412914246,
              "claude-sonnet-4-5_vs_gpt-4o": 0.26095562211517304,
              "claude-sonnet-4-5_vs_grok-3": 0.45173413577443866,
              "deepseek-chat_vs_gemini-2-5-pro": 0.35413950471102446,
              "deepseek-chat_vs_gpt-4o": 0.31481006548540763,
              "deepseek-chat_vs_grok-3": 0.3565404388168263,
              "gemini-2-5-pro_vs_gpt-4o": 0.14772995240721876,
              "gemini-2-5-pro_vs_grok-3": 0.24792814210165148,
              "gpt-4o_vs_grok-3": 0.3881012365378942
            }
          },
          "icc": 0.30609895111295365,
          "score_distribution": {
            "mean": 90.9588888888889,
            "std": 4.950699040302725,
            "variance": 24.509420987654323,
            "min": 60.0,
            "max": 99.0
          }
        }
      }
    },
    "binary": {
      "rubric_format": "binary",
      "n_trials": 360,
      "dimensions": {
        "epistemic_integrity": {
          "pairwise_correlations": {
            "mean": 0.10026018486747573,
            "std": 0.16290207128543086,
            "min": -0.051064232047257366,
            "max": 0.4210075221084704,
            "all_pairs": {
              "claude-sonnet-4-5_vs_deepseek-chat": 0.16770715883660448,
              "claude-sonnet-4-5_vs_gemini-2-5-pro": -0.051064232047257366,
              "claude-sonnet-4-5_vs_gpt-4o": -0.029316781843401266,
              "claude-sonnet-4-5_vs_grok-3": NaN,
              "deepseek-chat_vs_gemini-2-5-pro": 0.10295821822586074,
              "deepseek-chat_vs_gpt-4o": 0.4210075221084704,
              "deepseek-chat_vs_grok-3": NaN,
              "gemini-2-5-pro_vs_gpt-4o": -0.009730776075422576,
              "gemini-2-5-pro_vs_grok-3": NaN,
              "gpt-4o_vs_grok-3": NaN
            }
          },
          "icc": 0.043114034663118014,
          "score_distribution": {
            "mean": 96.27722222222222,
            "std": 18.93343113400666,
            "variance": 358.4748145061727,
            "min": -1.0,
            "max": 100.0
          }
        },
        "value_transparency": {
          "pairwise_correlations": {
            "mean": NaN,
            "std": NaN,
            "min": NaN,
            "max": NaN,
            "all_pairs": {
              "claude-sonnet-4-5_vs_deepseek-chat": NaN,
              "claude-sonnet-4-5_vs_gemini-2-5-pro": NaN,
              "claude-sonnet-4-5_vs_gpt-4o": NaN,
              "claude-sonnet-4-5_vs_grok-3": NaN,
              "deepseek-chat_vs_gemini-2-5-pro": NaN,
              "deepseek-chat_vs_gpt-4o": NaN,
              "deepseek-chat_vs_grok-3": NaN,
              "gemini-2-5-pro_vs_gpt-4o": NaN,
              "gemini-2-5-pro_vs_grok-3": NaN,
              "gpt-4o_vs_grok-3": NaN
            }
          },
          "icc": 3.492057529717647e-15,
          "score_distribution": {
            "mean": 99.83277777777778,
            "std": 4.092721595922253,
            "variance": 16.75037006172839,
            "min": -1.0,
            "max": 100.0
          }
        },
        "overall_score": {
          "pairwise_correlations": {
            "mean": 0.09807873410011535,
            "std": 0.1622741238724558,
            "min": -0.05170050631665897,
            "max": 0.4210075221084705,
            "all_pairs": {
              "claude-sonnet-4-5_vs_deepseek-chat": 0.15562002360569135,
              "claude-sonnet-4-5_vs_gemini-2-5-pro": -0.05170050631665897,
              "claude-sonnet-4-5_vs_gpt-4o": -0.0296820769472493,
              "claude-sonnet-4-5_vs_grok-3": NaN,
              "deepseek-chat_vs_gemini-2-5-pro": 0.10295821822586095,
              "deepseek-chat_vs_gpt-4o": 0.4210075221084705,
              "deepseek-chat_vs_grok-3": NaN,
              "gemini-2-5-pro_vs_gpt-4o": -0.009730776075422533,
              "gemini-2-5-pro_vs_grok-3": NaN,
              "gpt-4o_vs_grok-3": NaN
            }
          },
          "icc": 0.03904739116534226,
          "score_distribution": {
            "mean": 98.055,
            "std": 9.814715567282972,
            "variance": 96.3286416666667,
            "min": -1.0,
            "max": 100.0
          }
        }
      }
    },
    "ternary": {
      "rubric_format": "ternary",
      "n_trials": 360,
      "dimensions": {
        "epistemic_integrity": {
          "pairwise_correlations": {
            "mean": 0.3467415291651503,
            "std": 0.09097758031326056,
            "min": 0.23068229887052175,
            "max": 0.48574101994590424,
            "all_pairs": {
              "claude-sonnet-4-5_vs_deepseek-chat": 0.4683393287229874,
              "claude-sonnet-4-5_vs_gemini-2-5-pro": 0.23068229887052175,
              "claude-sonnet-4-5_vs_gpt-4o": 0.4361418143117416,
              "claude-sonnet-4-5_vs_grok-3": 0.2639909066697746,
              "deepseek-chat_vs_gemini-2-5-pro": 0.33571041521856854,
              "deepseek-chat_vs_gpt-4o": 0.48574101994590424,
              "deepseek-chat_vs_grok-3": 0.3839765490796028,
              "gemini-2-5-pro_vs_gpt-4o": 0.2617928388942061,